Position,Odds_Ratio,Adj._P,Gene_variant,Protein_variant,WHO_annotation,Lineage_Distribution
779127,12.566,3.72e-05,Rv0678_c.139dupG,Rv0678_p.Asp47fs,Rv0678_c.138T>C,"['2.2 : 66.67%', '3 : 5.56%', '4.1 : 5.56%', '4.3 : 22.220000000000002%']"
779130,12.715,8.98e-09,Rv0678_c.144dupC,Rv0678_p.Glu49fs,Rv0678_p.Glu49fs,"['2.2 : 57.14%', '3 : 2.3800000000000003%', '4.1 : 7.140000000000001%', '4.2 : 2.3800000000000003%', '4.3 : 21.43%', '4.4 : 9.520000000000001%']"
