Position,Odds_Ratio,Adj._P,Gene_variant,Protein_variant,WHO_annotation,Lineage_Distribution
777875,19.423,9.03e-08,mmpL5_c.605delG,mmpL5_p.Arg202fs,mmpL5_p.Arg202fs,"['4 : 98.15%', '4.9 : 1.8499999999999999%']"
779127,50.66,4.06e-09,Rv0678_c.139dupG,Rv0678_p.Asp47fs,Rv0678_c.138T>C,"['2.2 : 66.67%', '3 : 5.56%', '4.1 : 5.56%', '4.3 : 22.220000000000002%']"
779130,37.725,1.6e-13,Rv0678_c.144dupC,Rv0678_p.Glu49fs,Rv0678_p.Glu49fs,"['2.2 : 57.14%', '3 : 2.3800000000000003%', '4.1 : 7.140000000000001%', '4.2 : 2.3800000000000003%', '4.3 : 21.43%', '4.4 : 9.520000000000001%']"
1406760,1.857,0.000268,Rv1258c_c.580_581insC,Rv1258c_p.Glu194fs,Rv1258c_p.Glu194fs,['2.2 : 100.0%']
2153725,2.535,2.16e-07,Rv1907c_c.144_157delCGAGACGGGGATGA,Rv1907c_p.Asp48fs,NA,"['1.1 : 0.31%', '1.2 : 0.13%', '2.1 : 1.3599999999999999%', '2.2 : 97.88%', '3 : 0.06%', '3.1 : 0.01%', '4.1 : 0.04%', '4.2 : 0.09%', '4.3 : 0.06%', '4.4 : 0.03%', '4.5 : 0.01%', '4.8 : 0.01%', '4.9 : 0.01%', '5.1 : 0.01%']"
2288724,4.632,2.1e-05,pncA_c.517dupG,pncA_p.Glu173fs,pncA_p.Leu172fs,"['2.2 : 99.29%', '4.3 : 0.7100000000000001%']"
